{
    "Hypertension": {
        "symptoms":["headache","short_breaths"],
        "inform": "you have Hypertension but it's not too severe.",
        "advices": ["All you need to do is avoid stress, salty food and spices, smoking and Alcohol while it's recommended to do some light sports or jogging, eat healthy, measure your blood pressure gradually, especially during the seizure. alright?"],
        "prescriptions": "For Emergencies, during the seizure, take Captopril 25mg, but not when your blood pressure is below 160/110."
    },
    "Migrain": {
        "symptoms":["headache","one_sided","eye_face_pain"],
        "inform": "you have Hypertension but it's not too severe.",
        "advices": ["All you need to do is avoid stress, smoking, alcohol, and caffeine in small amounts, while it's recommended to do some light sports or jogging, and eat healthy. Finding a calm environment, dark quiet rooms, and applying hot or cold compresses on your head and neck are recommended"],
        "prescriptions": "For Emergencies, during the seizure, take Sumatriptan 100mg. If still there is no relief after 2 hours you can take another dose."
    },
    "Bowel Inflammation": {
        "symptoms":["fatigued","nausea_diarrhea", "watery_brown"],
        "inform":"",
        "advices": "",
        "prescriptions": "Omeprazole"
    },
    "Stomach Ulcer": {
        "symptoms":["stomachache","burning_sensation","nausea_belching"],
        "inform":"",
        "advices": "limit or preferably avoid chocolate, spices and spicy food, alcohol, acidic foods; oranges lemons and tomatoes and also caffeine",
        "prescriptions": null
    }
    
}