<?xml version="1.0" encoding="utf-8"?>
<grammar>

  <action name="top">
    <one-of>
      <item>main menu</item>
      <item>top</item>
      <item>beginning</item>
      <item>cancel</item>
      <item>forget it</item>
      <item>never mind</item>
      <item>abort</item>
    </one-of>
  </action>

  <action name="up">
    <one-of>
      <item>up</item>
      <item>back</item>
      <item>go back</item>
    </one-of>
  </action>


  <action name="headache_symptom">
    <one-of>
      <item>a headache</item>
      <item>a strong headache</item>
      <item>a severe headache</item>
      <item>I have a severe headache</item>
      <item>I have been having a severe headache</item>
      <item>I suffer from a severe headache</item>
    </one-of>
  </action>

  <action name="fatigued_symptom">
    <one-of>
      <item>I am fatigued</item>
      <item>I am fatigued and exhausted</item>
      <item>I feel myself fatigued and exhausted</item>
      <item>I feel my whole body is fatigued and exhausted</item>
      <item>I have been feeling fatigued and exhausted for some time now</item>
      <item>I am exhausted</item>
    </one-of>
  </action>

  <action name="stomachache_symptom">
    <one-of>
      <item>I have a severe stomach pain</item>
      <item>there is a severe stomach pain</item>
      <item>I have a strong stomach pain</item>
      <item>I have a severe stomachache</item>
      <item>My stomach pain is unbearable</item>
      <item>I suffer from a severe stomach pain</item>
    </one-of>
  </action>


  <action name="hypertension_action">hypertension</action>
  <action name="migrain_action">migrain</action>
  <action name="stomach_ulcer_action">stomach ulcer</action>
  <action name="bowel_inflammation_action">bowel inflammation</action>
  <action name="drug_diarrhea_action">drug induced diarrhea</action>
  <action name="gallstones_action">gallstones</action>
  


  <question speaker="system" predicate="age" type="wh_question">How old are you</question>
  <question speaker="system" predicate="occupation" type="wh_question">What do you do for a living</question>
  <question speaker="system" predicate="additional_pain" type="wh_question">Does anything else hurt during the seizure?</question>
  <question speaker="system" predicate="headache_type" type="wh_question">Is your headache one-sided or does it spread randomly</question>
  <question speaker="system" predicate="when_started" type="wh_question">since when are you feeling this way</question>
  <question speaker="system" predicate="num_defecate" type="wh_question">How many times did you defecate</question>
  <question speaker="system" predicate="defecate_texture" type="wh_question"> Is the texture watery or loose and what colour is it</question>

  
  <answer speaker="user">
    <one-of>

      <item>I work as <slot predicate="occupation"/></item>
      <item>I work <slot predicate="occupation"/></item>
      <item>I am <slot predicate="occupation"/></item>
      <item>I currently work as <slot predicate="occupation"/></item>

      <item> <slot predicate="extra_symptoms"/> </item>
      <item>I have <slot predicate="extra_symptoms"/></item>
      <item>I suffer from <slot predicate="extra_symptoms"/></item>
      <item>I feel <slot predicate="extra_symptoms"/></item>
      <item>I am <slot predicate="extra_symptoms"/></item>

      <item>it is <slot predicate="headache_type"/> </item>
      <item>I feel the pain on the <slot predicate="headache_type"/></item>
      <item>it hits on the <slot predicate="headache_type"/></item>
      <item>I feel on the <slot predicate="headache_type"/></item>
      <item>usually I can feel it <slot predicate="headache_type"/></item>

      <item>I feel pain in my <slot predicate="additional_pain"/> </item>
      <item>there is a clear pain in the <slot predicate="additional_pain"/></item>
      <item>there is pain that hits in <slot predicate="additional_pain"/></item>

      <item>it started yesterday</item>
    </one-of>
  </answer>

  <individual name="headache">headache</individual>
  <individual name="short_breaths">
    <one-of>
      <item>short breaths</item>
      <item>short breaths like my chest is being closed </item>
    </one-of>
  </individual>
  <individual name="agitated">agitated</individual>
  
  <individual name="fatigued">
    <one-of>
      <item>fatigued</item>
      <item>fatigued and exhausted</item>
      <item>exhausted</item>
    </one-of>
  </individual>
  <individual name="nausea_diarrhea">nausea and diarrhea</individual>

  <individual name="stomachache">
    <one-of>
      <item>stomach pain</item>
      <item>stomachache</item>
    </one-of>
  </individual>

  <individual name="one_sided">
    <one-of>
      <item>right side</item>
      <item>left side</item>
      <item>one side</item>
      <item>one sided</item>
    </one-of>
  </individual>

  <individual name="eye_face_pain">
    <one-of>
      <item>one eye and one side of my face</item>
      <item>left eye and left side of my face</item>
      <item>right eye and right side of my face</item>
    </one-of>
  </individual>

  <individual name="young">young</individual>
  <individual name="risk_group">risk groub</individual>
  <individual name="accountant">an accountant</individual>
  <individual name="it_related">
    <one-of>
      <item>an it support</item>
      <item>an informatics engineer</item>
      <item>a programmer</item>
      <item>a software developer</item>
    </one-of>
  </individual>
  <individual name="journalist">a journalist</individual>
  <individual name="call_center">in a call center</individual>
  <individual name="low">low</individual>
  <individual name="high">high</individual>

</grammar>
